{"Epoch": 20, "Train Loss": -0.24077520720634815, "Val Loss": -0.26312985399568983, "NCC Loss": -0.24077586702898973, "Smoothness Loss": 6.601182154107753e-07, "_timestamp": 1713999493.3621082, "_runtime": 3063.62034034729, "_step": 20}