{"Epoch": 113, "Train Loss": -0.258950464201108, "Val Loss": -0.2752847049282139, "NCC Loss": -0.25895114180295625, "Smoothness Loss": 6.780359660119029e-07, "_timestamp": 1714013209.99662, "_runtime": 16780.254852056503, "_step": 113}