{"Train Loss": 0.04273474842798712, "Val Loss": 0.052859345226936756, "_timestamp": 1712861502.1928902, "_runtime": 6682.802216053009, "_step": 9, "_wandb": {"runtime": 6684}}