{"Epoch": 22, "Train Loss": 0.0, "Val Loss": 0.0, "NCC Loss": 0.0, "Smoothness Loss": 0.0, "_timestamp": 1713995815.28867, "_runtime": 3226.85684800148, "_step": 22, "_wandb": {"runtime": 3277}}