{"Epoch": 0, "Train Loss": -0.2297980405516958, "Val Loss": -0.2617776531924084, "Dice Loss": -0.2298031336400627, "Smoothness Loss": 5.093259789336193e-06, "_timestamp": 1713910070.507193, "_runtime": 781.1200201511383, "_step": 0}