{"Epoch": 8, "Train Loss": -4.006081220268524e-09, "Val Loss": -1.0211804705586523e-08, "Dice Loss": -4.006391720459475e-09, "Smoothness Loss": 3.1047035292575604e-13, "_timestamp": 1713915956.131297, "_runtime": 6666.744124174118, "_step": 8, "_wandb": {"runtime": 7141}}