{"Epoch": 20, "Train Loss": -0.33699086677127826, "Val Loss": -0.38294673199665463, "NCC Loss": -0.3429529604424412, "Smoothness Loss": 0.0059620927191746075, "_timestamp": 1715464128.4938548, "_runtime": 9569.722056865692, "_step": 20, "_wandb": {"runtime": 9827}}