{"Epoch": 58, "Train Loss": 0.0, "Val Loss": 0.0, "NCC Loss": 0.0, "Smoothness Loss": 0.0, "_timestamp": 1715387523.978999, "_runtime": 27083.78386282921, "_step": 58}