{"Epoch": 22, "Train Loss": -0.3368636189390802, "Val Loss": -0.38854862892374303, "NCC Loss": -0.33756558692807126, "Smoothness Loss": 0.0007019682230849059, "_timestamp": 1715460729.7996056, "_runtime": 10563.387492656708, "_step": 22, "_wandb": {"runtime": 10686}}