{"Epoch": 0, "Train Loss": -0.5143805884398159, "Val Loss": -3.6695767989006504e-08, "Dice Loss": -0.5143861416574202, "Smoothness Loss": 5.55315629408622e-06, "_timestamp": 1713917973.3392372, "_runtime": 1077.1466801166534, "_step": 0, "_wandb": {"runtime": 1636}}