{"Epoch": 3, "Train Loss": -0.15383347163959923, "Val Loss": -0.16224649140031475, "NCC Loss": -0.15416778686792693, "Smoothness Loss": 0.00033431501872390373, "_timestamp": 1713991431.5030334, "_runtime": 559.9932115077972, "_step": 3, "_wandb": {"runtime": 696}}