{"Epoch": 2, "Train Loss": -0.1541618212520714, "Val Loss": -0.16269907521737234, "NCC Loss": -0.154162156303452, "Smoothness Loss": 3.347895859695064e-07, "_timestamp": 1713992061.3260987, "_runtime": 441.6490216255188, "_step": 2, "_wandb": {"runtime": 466}}