{"Epoch": 1, "Train Loss": -0.15464456579259908, "Val Loss": -0.16305655067435068, "NCC Loss": -0.15464486642223266, "Smoothness Loss": 3.009533651585689e-07, "_timestamp": 1713992405.1012683, "_runtime": 287.22738337516785, "_step": 1, "_wandb": {"runtime": 420}}