{"accuracy": 0.928614212482517, "loss": 0.021905199097604043, "_timestamp": 1712853633.0841575, "_runtime": 146.61206245422363, "_step": 7}