{"Epoch": 0, "Train Loss": -0.38869913747637636, "Val Loss": -0.534588571312358, "NCC Loss": -0.3890345983414186, "Smoothness Loss": 0.0003354608167916871, "_timestamp": 1713990840.6223118, "_runtime": 133.3382227420807, "_step": 0, "_wandb": {"runtime": 142}}