{"Epoch": 56, "Train Loss": -1.870777013490082e-06, "Val Loss": -2.1448364672087462e-06, "NCC Loss": -3.1445079546733713e-06, "Smoothness Loss": 1.2737309368157857e-06, "_timestamp": 1715387664.9557176, "_runtime": 25965.28740954399, "_step": 56}