{"Epoch": 10, "Train Loss": -1.0337962055212934e-06, "Val Loss": -5.246336239093499e-07, "NCC Loss": -1.0338509282330269e-06, "Smoothness Loss": 5.47091372031833e-11, "_timestamp": 1713987057.7842758, "_runtime": 1373.4866907596588, "_step": 10, "_wandb": {"runtime": 1470}}