{"Epoch": 44, "Train Loss": 1.2105048289784497e-06, "Val Loss": 1.381504654484196e-06, "NCC Loss": -7.822163972909367e-08, "Smoothness Loss": 1.2887264613795946e-06, "_timestamp": 1715999631.0678167, "_runtime": 20419.155562639236, "_step": 44, "_wandb": {"runtime": 20832}}