{"Epoch": 8, "Train Loss": -0.11334404720243438, "Val Loss": -0.07537871122117086, "NCC Loss": -0.28443379038985156, "Smoothness Loss": 0.17108974319951228, "_timestamp": 1715956296.118879, "_runtime": 60762.31507515907, "_step": 8}