{"Epoch": 1, "Train Loss": -0.33686894776141013, "Val Loss": -0.1299316071299384, "NCC Loss": -0.33804511753982536, "Smoothness Loss": 0.0011761706102239896, "_timestamp": 1713987501.3031683, "_runtime": 263.4210252761841, "_step": 1, "_wandb": {"runtime": 277}}