{"Epoch": 0, "Train Loss": -0.49896618679890203, "Val Loss": -0.6188108267692419, "NCC Loss": -0.4989741888518135, "Smoothness Loss": 8.002409516970497e-06, "_timestamp": 1713985531.997305, "_runtime": 112.67035293579102, "_step": 0, "_wandb": {"runtime": 135}}